all,https://www.semrush.com/website/top/australia/all
accommodation-and-hotels,https://www.semrush.com/website/top/australia/accommodation-and-hotels
advertising-and-marketing,https://www.semrush.com/website/top/australia/advertising-and-marketing
airlines,https://www.semrush.com/website/top/australia/airlines
banking,https://www.semrush.com/website/top/australia/banking
beauty,https://www.semrush.com/website/top/australia/beauty
computer-software-and-development,https://www.semrush.com/website/top/australia/computer-software-and-development
distance-learning,https://www.semrush.com/website/top/australia/distance-learning
e-commerce-and-retail,https://www.semrush.com/website/top/australia/e-commerce-and-retail
education,https://www.semrush.com/website/top/australia/education
entertainment,https://www.semrush.com/website/top/australia/entertainment
fashion,https://www.semrush.com/website/top/australia/fashion
finance,https://www.semrush.com/website/top/australia/finance
food-and-beverages,https://www.semrush.com/website/top/australia/food-and-beverages
gambling,https://www.semrush.com/website/top/australia/gambling
games,https://www.semrush.com/website/top/australia/games
health,https://www.semrush.com/website/top/australia/health
information-technology,https://www.semrush.com/website/top/australia/information-technology
insurance,https://www.semrush.com/website/top/australia/insurance
investment,https://www.semrush.com/website/top/australia/investment
jobs,https://www.semrush.com/website/top/australia/jobs
market-research,https://www.semrush.com/website/top/australia/market-research
music,https://www.semrush.com/website/top/australia/music
news-and-media,https://www.semrush.com/website/top/australia/news-and-media
online-services,https://www.semrush.com/website/top/australia/online-services
real-estate,https://www.semrush.com/website/top/australia/real-estate
restaurants,https://www.semrush.com/website/top/australia/restaurants
science,https://www.semrush.com/website/top/australia/science
sports,https://www.semrush.com/website/top/australia/sports
telecom,https://www.semrush.com/website/top/australia/telecom
transportation-and-logistics,https://www.semrush.com/website/top/australia/transportation-and-logistics
travel-and-tourism,https://www.semrush.com/website/top/australia/travel-and-tourism
vehicles,https://www.semrush.com/website/top/australia/vehicles
wellness,https://www.semrush.com/website/top/australia/wellness