all,https://www.semrush.com/website/top/austria/all
accommodation-and-hotels,https://www.semrush.com/website/top/austria/accommodation-and-hotels
advertising-and-marketing,https://www.semrush.com/website/top/austria/advertising-and-marketing
airlines,https://www.semrush.com/website/top/austria/airlines
banking,https://www.semrush.com/website/top/austria/banking
beauty,https://www.semrush.com/website/top/austria/beauty
computer-software-and-development,https://www.semrush.com/website/top/austria/computer-software-and-development
distance-learning,https://www.semrush.com/website/top/austria/distance-learning
e-commerce-and-retail,https://www.semrush.com/website/top/austria/e-commerce-and-retail
education,https://www.semrush.com/website/top/austria/education
entertainment,https://www.semrush.com/website/top/austria/entertainment
fashion,https://www.semrush.com/website/top/austria/fashion
finance,https://www.semrush.com/website/top/austria/finance
food-and-beverages,https://www.semrush.com/website/top/austria/food-and-beverages
gambling,https://www.semrush.com/website/top/austria/gambling
games,https://www.semrush.com/website/top/austria/games
health,https://www.semrush.com/website/top/austria/health
information-technology,https://www.semrush.com/website/top/austria/information-technology
insurance,https://www.semrush.com/website/top/austria/insurance
investment,https://www.semrush.com/website/top/austria/investment
jobs,https://www.semrush.com/website/top/austria/jobs
market-research,https://www.semrush.com/website/top/austria/market-research
music,https://www.semrush.com/website/top/austria/music
news-and-media,https://www.semrush.com/website/top/austria/news-and-media
online-services,https://www.semrush.com/website/top/austria/online-services
real-estate,https://www.semrush.com/website/top/austria/real-estate
restaurants,https://www.semrush.com/website/top/austria/restaurants
science,https://www.semrush.com/website/top/austria/science
sports,https://www.semrush.com/website/top/austria/sports
telecom,https://www.semrush.com/website/top/austria/telecom
transportation-and-logistics,https://www.semrush.com/website/top/austria/transportation-and-logistics
travel-and-tourism,https://www.semrush.com/website/top/austria/travel-and-tourism
vehicles,https://www.semrush.com/website/top/austria/vehicles
wellness,https://www.semrush.com/website/top/austria/wellness