all,https://www.semrush.com/website/top/belgium/all
accommodation-and-hotels,https://www.semrush.com/website/top/belgium/accommodation-and-hotels
advertising-and-marketing,https://www.semrush.com/website/top/belgium/advertising-and-marketing
airlines,https://www.semrush.com/website/top/belgium/airlines
banking,https://www.semrush.com/website/top/belgium/banking
beauty,https://www.semrush.com/website/top/belgium/beauty
computer-software-and-development,https://www.semrush.com/website/top/belgium/computer-software-and-development
distance-learning,https://www.semrush.com/website/top/belgium/distance-learning
e-commerce-and-retail,https://www.semrush.com/website/top/belgium/e-commerce-and-retail
education,https://www.semrush.com/website/top/belgium/education
entertainment,https://www.semrush.com/website/top/belgium/entertainment
fashion,https://www.semrush.com/website/top/belgium/fashion
finance,https://www.semrush.com/website/top/belgium/finance
food-and-beverages,https://www.semrush.com/website/top/belgium/food-and-beverages
gambling,https://www.semrush.com/website/top/belgium/gambling
games,https://www.semrush.com/website/top/belgium/games
health,https://www.semrush.com/website/top/belgium/health
information-technology,https://www.semrush.com/website/top/belgium/information-technology
insurance,https://www.semrush.com/website/top/belgium/insurance
investment,https://www.semrush.com/website/top/belgium/investment
jobs,https://www.semrush.com/website/top/belgium/jobs
market-research,https://www.semrush.com/website/top/belgium/market-research
music,https://www.semrush.com/website/top/belgium/music
news-and-media,https://www.semrush.com/website/top/belgium/news-and-media
online-services,https://www.semrush.com/website/top/belgium/online-services
real-estate,https://www.semrush.com/website/top/belgium/real-estate
restaurants,https://www.semrush.com/website/top/belgium/restaurants
science,https://www.semrush.com/website/top/belgium/science
sports,https://www.semrush.com/website/top/belgium/sports
telecom,https://www.semrush.com/website/top/belgium/telecom
transportation-and-logistics,https://www.semrush.com/website/top/belgium/transportation-and-logistics
travel-and-tourism,https://www.semrush.com/website/top/belgium/travel-and-tourism
vehicles,https://www.semrush.com/website/top/belgium/vehicles
wellness,https://www.semrush.com/website/top/belgium/wellness