all,https://www.semrush.com/website/top/germany/all
accommodation-and-hotels,https://www.semrush.com/website/top/germany/accommodation-and-hotels
advertising-and-marketing,https://www.semrush.com/website/top/germany/advertising-and-marketing
airlines,https://www.semrush.com/website/top/germany/airlines
banking,https://www.semrush.com/website/top/germany/banking
beauty,https://www.semrush.com/website/top/germany/beauty
computer-software-and-development,https://www.semrush.com/website/top/germany/computer-software-and-development
distance-learning,https://www.semrush.com/website/top/germany/distance-learning
e-commerce-and-retail,https://www.semrush.com/website/top/germany/e-commerce-and-retail
education,https://www.semrush.com/website/top/germany/education
entertainment,https://www.semrush.com/website/top/germany/entertainment
fashion,https://www.semrush.com/website/top/germany/fashion
finance,https://www.semrush.com/website/top/germany/finance
food-and-beverages,https://www.semrush.com/website/top/germany/food-and-beverages
gambling,https://www.semrush.com/website/top/germany/gambling
games,https://www.semrush.com/website/top/germany/games
health,https://www.semrush.com/website/top/germany/health
information-technology,https://www.semrush.com/website/top/germany/information-technology
insurance,https://www.semrush.com/website/top/germany/insurance
investment,https://www.semrush.com/website/top/germany/investment
jobs,https://www.semrush.com/website/top/germany/jobs
market-research,https://www.semrush.com/website/top/germany/market-research
music,https://www.semrush.com/website/top/germany/music
news-and-media,https://www.semrush.com/website/top/germany/news-and-media
online-services,https://www.semrush.com/website/top/germany/online-services
real-estate,https://www.semrush.com/website/top/germany/real-estate
restaurants,https://www.semrush.com/website/top/germany/restaurants
science,https://www.semrush.com/website/top/germany/science
sports,https://www.semrush.com/website/top/germany/sports
telecom,https://www.semrush.com/website/top/germany/telecom
transportation-and-logistics,https://www.semrush.com/website/top/germany/transportation-and-logistics
travel-and-tourism,https://www.semrush.com/website/top/germany/travel-and-tourism
vehicles,https://www.semrush.com/website/top/germany/vehicles
wellness,https://www.semrush.com/website/top/germany/wellness