all,https://www.semrush.com/website/top/global/all
accommodation-and-hotels,https://www.semrush.com/website/top/global/accommodation-and-hotels
advertising-and-marketing,https://www.semrush.com/website/top/global/advertising-and-marketing
airlines,https://www.semrush.com/website/top/global/airlines
banking,https://www.semrush.com/website/top/global/banking
beauty,https://www.semrush.com/website/top/global/beauty
computer-software-and-development,https://www.semrush.com/website/top/global/computer-software-and-development
distance-learning,https://www.semrush.com/website/top/global/distance-learning
e-commerce-and-retail,https://www.semrush.com/website/top/global/e-commerce-and-retail
education,https://www.semrush.com/website/top/global/education
entertainment,https://www.semrush.com/website/top/global/entertainment
fashion,https://www.semrush.com/website/top/global/fashion
finance,https://www.semrush.com/website/top/global/finance
food-and-beverages,https://www.semrush.com/website/top/global/food-and-beverages
gambling,https://www.semrush.com/website/top/global/gambling
games,https://www.semrush.com/website/top/global/games
health,https://www.semrush.com/website/top/global/health
information-technology,https://www.semrush.com/website/top/global/information-technology
insurance,https://www.semrush.com/website/top/global/insurance
investment,https://www.semrush.com/website/top/global/investment
jobs,https://www.semrush.com/website/top/global/jobs
market-research,https://www.semrush.com/website/top/global/market-research
music,https://www.semrush.com/website/top/global/music
news-and-media,https://www.semrush.com/website/top/global/news-and-media
online-services,https://www.semrush.com/website/top/global/online-services
real-estate,https://www.semrush.com/website/top/global/real-estate
restaurants,https://www.semrush.com/website/top/global/restaurants
science,https://www.semrush.com/website/top/global/science
sports,https://www.semrush.com/website/top/global/sports
telecom,https://www.semrush.com/website/top/global/telecom
transportation-and-logistics,https://www.semrush.com/website/top/global/transportation-and-logistics
travel-and-tourism,https://www.semrush.com/website/top/global/travel-and-tourism
vehicles,https://www.semrush.com/website/top/global/vehicles
wellness,https://www.semrush.com/website/top/global/wellness