all,https://www.semrush.com/website/top/ireland/all
accommodation-and-hotels,https://www.semrush.com/website/top/ireland/accommodation-and-hotels
advertising-and-marketing,https://www.semrush.com/website/top/ireland/advertising-and-marketing
airlines,https://www.semrush.com/website/top/ireland/airlines
banking,https://www.semrush.com/website/top/ireland/banking
beauty,https://www.semrush.com/website/top/ireland/beauty
computer-software-and-development,https://www.semrush.com/website/top/ireland/computer-software-and-development
distance-learning,https://www.semrush.com/website/top/ireland/distance-learning
e-commerce-and-retail,https://www.semrush.com/website/top/ireland/e-commerce-and-retail
education,https://www.semrush.com/website/top/ireland/education
entertainment,https://www.semrush.com/website/top/ireland/entertainment
fashion,https://www.semrush.com/website/top/ireland/fashion
finance,https://www.semrush.com/website/top/ireland/finance
food-and-beverages,https://www.semrush.com/website/top/ireland/food-and-beverages
gambling,https://www.semrush.com/website/top/ireland/gambling
games,https://www.semrush.com/website/top/ireland/games
health,https://www.semrush.com/website/top/ireland/health
information-technology,https://www.semrush.com/website/top/ireland/information-technology
insurance,https://www.semrush.com/website/top/ireland/insurance
investment,https://www.semrush.com/website/top/ireland/investment
jobs,https://www.semrush.com/website/top/ireland/jobs
market-research,https://www.semrush.com/website/top/ireland/market-research
music,https://www.semrush.com/website/top/ireland/music
news-and-media,https://www.semrush.com/website/top/ireland/news-and-media
online-services,https://www.semrush.com/website/top/ireland/online-services
real-estate,https://www.semrush.com/website/top/ireland/real-estate
restaurants,https://www.semrush.com/website/top/ireland/restaurants
science,https://www.semrush.com/website/top/ireland/science
sports,https://www.semrush.com/website/top/ireland/sports
telecom,https://www.semrush.com/website/top/ireland/telecom
transportation-and-logistics,https://www.semrush.com/website/top/ireland/transportation-and-logistics
travel-and-tourism,https://www.semrush.com/website/top/ireland/travel-and-tourism
vehicles,https://www.semrush.com/website/top/ireland/vehicles
wellness,https://www.semrush.com/website/top/ireland/wellness