all,https://www.semrush.com/website/top/japan/all
accommodation-and-hotels,https://www.semrush.com/website/top/japan/accommodation-and-hotels
advertising-and-marketing,https://www.semrush.com/website/top/japan/advertising-and-marketing
airlines,https://www.semrush.com/website/top/japan/airlines
banking,https://www.semrush.com/website/top/japan/banking
beauty,https://www.semrush.com/website/top/japan/beauty
computer-software-and-development,https://www.semrush.com/website/top/japan/computer-software-and-development
distance-learning,https://www.semrush.com/website/top/japan/distance-learning
e-commerce-and-retail,https://www.semrush.com/website/top/japan/e-commerce-and-retail
education,https://www.semrush.com/website/top/japan/education
entertainment,https://www.semrush.com/website/top/japan/entertainment
fashion,https://www.semrush.com/website/top/japan/fashion
finance,https://www.semrush.com/website/top/japan/finance
food-and-beverages,https://www.semrush.com/website/top/japan/food-and-beverages
gambling,https://www.semrush.com/website/top/japan/gambling
games,https://www.semrush.com/website/top/japan/games
health,https://www.semrush.com/website/top/japan/health
information-technology,https://www.semrush.com/website/top/japan/information-technology
insurance,https://www.semrush.com/website/top/japan/insurance
investment,https://www.semrush.com/website/top/japan/investment
jobs,https://www.semrush.com/website/top/japan/jobs
market-research,https://www.semrush.com/website/top/japan/market-research
music,https://www.semrush.com/website/top/japan/music
news-and-media,https://www.semrush.com/website/top/japan/news-and-media
online-services,https://www.semrush.com/website/top/japan/online-services
real-estate,https://www.semrush.com/website/top/japan/real-estate
restaurants,https://www.semrush.com/website/top/japan/restaurants
science,https://www.semrush.com/website/top/japan/science
sports,https://www.semrush.com/website/top/japan/sports
telecom,https://www.semrush.com/website/top/japan/telecom
transportation-and-logistics,https://www.semrush.com/website/top/japan/transportation-and-logistics
travel-and-tourism,https://www.semrush.com/website/top/japan/travel-and-tourism
vehicles,https://www.semrush.com/website/top/japan/vehicles
wellness,https://www.semrush.com/website/top/japan/wellness