all,https://www.semrush.com/website/top/mexico/all
accommodation-and-hotels,https://www.semrush.com/website/top/mexico/accommodation-and-hotels
advertising-and-marketing,https://www.semrush.com/website/top/mexico/advertising-and-marketing
airlines,https://www.semrush.com/website/top/mexico/airlines
banking,https://www.semrush.com/website/top/mexico/banking
beauty,https://www.semrush.com/website/top/mexico/beauty
computer-software-and-development,https://www.semrush.com/website/top/mexico/computer-software-and-development
distance-learning,https://www.semrush.com/website/top/mexico/distance-learning
e-commerce-and-retail,https://www.semrush.com/website/top/mexico/e-commerce-and-retail
education,https://www.semrush.com/website/top/mexico/education
entertainment,https://www.semrush.com/website/top/mexico/entertainment
fashion,https://www.semrush.com/website/top/mexico/fashion
finance,https://www.semrush.com/website/top/mexico/finance
food-and-beverages,https://www.semrush.com/website/top/mexico/food-and-beverages
gambling,https://www.semrush.com/website/top/mexico/gambling
games,https://www.semrush.com/website/top/mexico/games
health,https://www.semrush.com/website/top/mexico/health
information-technology,https://www.semrush.com/website/top/mexico/information-technology
insurance,https://www.semrush.com/website/top/mexico/insurance
investment,https://www.semrush.com/website/top/mexico/investment
jobs,https://www.semrush.com/website/top/mexico/jobs
market-research,https://www.semrush.com/website/top/mexico/market-research
music,https://www.semrush.com/website/top/mexico/music
news-and-media,https://www.semrush.com/website/top/mexico/news-and-media
online-services,https://www.semrush.com/website/top/mexico/online-services
real-estate,https://www.semrush.com/website/top/mexico/real-estate
restaurants,https://www.semrush.com/website/top/mexico/restaurants
science,https://www.semrush.com/website/top/mexico/science
sports,https://www.semrush.com/website/top/mexico/sports
telecom,https://www.semrush.com/website/top/mexico/telecom
transportation-and-logistics,https://www.semrush.com/website/top/mexico/transportation-and-logistics
travel-and-tourism,https://www.semrush.com/website/top/mexico/travel-and-tourism
vehicles,https://www.semrush.com/website/top/mexico/vehicles
wellness,https://www.semrush.com/website/top/mexico/wellness