all,https://www.semrush.com/website/top/norway/all
accommodation-and-hotels,https://www.semrush.com/website/top/norway/accommodation-and-hotels
advertising-and-marketing,https://www.semrush.com/website/top/norway/advertising-and-marketing
airlines,https://www.semrush.com/website/top/norway/airlines
banking,https://www.semrush.com/website/top/norway/banking
beauty,https://www.semrush.com/website/top/norway/beauty
computer-software-and-development,https://www.semrush.com/website/top/norway/computer-software-and-development
distance-learning,https://www.semrush.com/website/top/norway/distance-learning
e-commerce-and-retail,https://www.semrush.com/website/top/norway/e-commerce-and-retail
education,https://www.semrush.com/website/top/norway/education
entertainment,https://www.semrush.com/website/top/norway/entertainment
fashion,https://www.semrush.com/website/top/norway/fashion
finance,https://www.semrush.com/website/top/norway/finance
food-and-beverages,https://www.semrush.com/website/top/norway/food-and-beverages
gambling,https://www.semrush.com/website/top/norway/gambling
games,https://www.semrush.com/website/top/norway/games
health,https://www.semrush.com/website/top/norway/health
information-technology,https://www.semrush.com/website/top/norway/information-technology
insurance,https://www.semrush.com/website/top/norway/insurance
investment,https://www.semrush.com/website/top/norway/investment
jobs,https://www.semrush.com/website/top/norway/jobs
market-research,https://www.semrush.com/website/top/norway/market-research
music,https://www.semrush.com/website/top/norway/music
news-and-media,https://www.semrush.com/website/top/norway/news-and-media
online-services,https://www.semrush.com/website/top/norway/online-services
real-estate,https://www.semrush.com/website/top/norway/real-estate
restaurants,https://www.semrush.com/website/top/norway/restaurants
science,https://www.semrush.com/website/top/norway/science
sports,https://www.semrush.com/website/top/norway/sports
telecom,https://www.semrush.com/website/top/norway/telecom
transportation-and-logistics,https://www.semrush.com/website/top/norway/transportation-and-logistics
travel-and-tourism,https://www.semrush.com/website/top/norway/travel-and-tourism
vehicles,https://www.semrush.com/website/top/norway/vehicles
wellness,https://www.semrush.com/website/top/norway/wellness