all,https://www.semrush.com/website/top/singapore/all
accommodation-and-hotels,https://www.semrush.com/website/top/singapore/accommodation-and-hotels
advertising-and-marketing,https://www.semrush.com/website/top/singapore/advertising-and-marketing
airlines,https://www.semrush.com/website/top/singapore/airlines
banking,https://www.semrush.com/website/top/singapore/banking
beauty,https://www.semrush.com/website/top/singapore/beauty
computer-software-and-development,https://www.semrush.com/website/top/singapore/computer-software-and-development
distance-learning,https://www.semrush.com/website/top/singapore/distance-learning
e-commerce-and-retail,https://www.semrush.com/website/top/singapore/e-commerce-and-retail
education,https://www.semrush.com/website/top/singapore/education
entertainment,https://www.semrush.com/website/top/singapore/entertainment
fashion,https://www.semrush.com/website/top/singapore/fashion
finance,https://www.semrush.com/website/top/singapore/finance
food-and-beverages,https://www.semrush.com/website/top/singapore/food-and-beverages
gambling,https://www.semrush.com/website/top/singapore/gambling
games,https://www.semrush.com/website/top/singapore/games
health,https://www.semrush.com/website/top/singapore/health
information-technology,https://www.semrush.com/website/top/singapore/information-technology
insurance,https://www.semrush.com/website/top/singapore/insurance
investment,https://www.semrush.com/website/top/singapore/investment
jobs,https://www.semrush.com/website/top/singapore/jobs
market-research,https://www.semrush.com/website/top/singapore/market-research
music,https://www.semrush.com/website/top/singapore/music
news-and-media,https://www.semrush.com/website/top/singapore/news-and-media
online-services,https://www.semrush.com/website/top/singapore/online-services
real-estate,https://www.semrush.com/website/top/singapore/real-estate
restaurants,https://www.semrush.com/website/top/singapore/restaurants
science,https://www.semrush.com/website/top/singapore/science
sports,https://www.semrush.com/website/top/singapore/sports
telecom,https://www.semrush.com/website/top/singapore/telecom
transportation-and-logistics,https://www.semrush.com/website/top/singapore/transportation-and-logistics
travel-and-tourism,https://www.semrush.com/website/top/singapore/travel-and-tourism
vehicles,https://www.semrush.com/website/top/singapore/vehicles
wellness,https://www.semrush.com/website/top/singapore/wellness