all,https://www.semrush.com/website/top/turkey/all
accommodation-and-hotels,https://www.semrush.com/website/top/turkey/accommodation-and-hotels
advertising-and-marketing,https://www.semrush.com/website/top/turkey/advertising-and-marketing
airlines,https://www.semrush.com/website/top/turkey/airlines
banking,https://www.semrush.com/website/top/turkey/banking
beauty,https://www.semrush.com/website/top/turkey/beauty
computer-software-and-development,https://www.semrush.com/website/top/turkey/computer-software-and-development
distance-learning,https://www.semrush.com/website/top/turkey/distance-learning
e-commerce-and-retail,https://www.semrush.com/website/top/turkey/e-commerce-and-retail
education,https://www.semrush.com/website/top/turkey/education
entertainment,https://www.semrush.com/website/top/turkey/entertainment
fashion,https://www.semrush.com/website/top/turkey/fashion
finance,https://www.semrush.com/website/top/turkey/finance
food-and-beverages,https://www.semrush.com/website/top/turkey/food-and-beverages
gambling,https://www.semrush.com/website/top/turkey/gambling
games,https://www.semrush.com/website/top/turkey/games
health,https://www.semrush.com/website/top/turkey/health
information-technology,https://www.semrush.com/website/top/turkey/information-technology
insurance,https://www.semrush.com/website/top/turkey/insurance
investment,https://www.semrush.com/website/top/turkey/investment
jobs,https://www.semrush.com/website/top/turkey/jobs
market-research,https://www.semrush.com/website/top/turkey/market-research
music,https://www.semrush.com/website/top/turkey/music
news-and-media,https://www.semrush.com/website/top/turkey/news-and-media
online-services,https://www.semrush.com/website/top/turkey/online-services
real-estate,https://www.semrush.com/website/top/turkey/real-estate
restaurants,https://www.semrush.com/website/top/turkey/restaurants
science,https://www.semrush.com/website/top/turkey/science
sports,https://www.semrush.com/website/top/turkey/sports
telecom,https://www.semrush.com/website/top/turkey/telecom
transportation-and-logistics,https://www.semrush.com/website/top/turkey/transportation-and-logistics
travel-and-tourism,https://www.semrush.com/website/top/turkey/travel-and-tourism
vehicles,https://www.semrush.com/website/top/turkey/vehicles
wellness,https://www.semrush.com/website/top/turkey/wellness