all,https://www.semrush.com/website/top/united-arab-emirates/all
accommodation-and-hotels,https://www.semrush.com/website/top/united-arab-emirates/accommodation-and-hotels
advertising-and-marketing,https://www.semrush.com/website/top/united-arab-emirates/advertising-and-marketing
airlines,https://www.semrush.com/website/top/united-arab-emirates/airlines
banking,https://www.semrush.com/website/top/united-arab-emirates/banking
beauty,https://www.semrush.com/website/top/united-arab-emirates/beauty
computer-software-and-development,https://www.semrush.com/website/top/united-arab-emirates/computer-software-and-development
distance-learning,https://www.semrush.com/website/top/united-arab-emirates/distance-learning
e-commerce-and-retail,https://www.semrush.com/website/top/united-arab-emirates/e-commerce-and-retail
education,https://www.semrush.com/website/top/united-arab-emirates/education
entertainment,https://www.semrush.com/website/top/united-arab-emirates/entertainment
fashion,https://www.semrush.com/website/top/united-arab-emirates/fashion
finance,https://www.semrush.com/website/top/united-arab-emirates/finance
food-and-beverages,https://www.semrush.com/website/top/united-arab-emirates/food-and-beverages
gambling,https://www.semrush.com/website/top/united-arab-emirates/gambling
games,https://www.semrush.com/website/top/united-arab-emirates/games
health,https://www.semrush.com/website/top/united-arab-emirates/health
information-technology,https://www.semrush.com/website/top/united-arab-emirates/information-technology
insurance,https://www.semrush.com/website/top/united-arab-emirates/insurance
investment,https://www.semrush.com/website/top/united-arab-emirates/investment
jobs,https://www.semrush.com/website/top/united-arab-emirates/jobs
market-research,https://www.semrush.com/website/top/united-arab-emirates/market-research
music,https://www.semrush.com/website/top/united-arab-emirates/music
news-and-media,https://www.semrush.com/website/top/united-arab-emirates/news-and-media
online-services,https://www.semrush.com/website/top/united-arab-emirates/online-services
real-estate,https://www.semrush.com/website/top/united-arab-emirates/real-estate
restaurants,https://www.semrush.com/website/top/united-arab-emirates/restaurants
science,https://www.semrush.com/website/top/united-arab-emirates/science
sports,https://www.semrush.com/website/top/united-arab-emirates/sports
telecom,https://www.semrush.com/website/top/united-arab-emirates/telecom
transportation-and-logistics,https://www.semrush.com/website/top/united-arab-emirates/transportation-and-logistics
travel-and-tourism,https://www.semrush.com/website/top/united-arab-emirates/travel-and-tourism
vehicles,https://www.semrush.com/website/top/united-arab-emirates/vehicles
wellness,https://www.semrush.com/website/top/united-arab-emirates/wellness