all,https://www.semrush.com/website/top/argentina/all
accommodation-and-hotels,https://www.semrush.com/website/top/argentina/accommodation-and-hotels
advertising-and-marketing,https://www.semrush.com/website/top/argentina/advertising-and-marketing
airlines,https://www.semrush.com/website/top/argentina/airlines
banking,https://www.semrush.com/website/top/argentina/banking
beauty,https://www.semrush.com/website/top/argentina/beauty
computer-software-and-development,https://www.semrush.com/website/top/argentina/computer-software-and-development
distance-learning,https://www.semrush.com/website/top/argentina/distance-learning
e-commerce-and-retail,https://www.semrush.com/website/top/argentina/e-commerce-and-retail
education,https://www.semrush.com/website/top/argentina/education
entertainment,https://www.semrush.com/website/top/argentina/entertainment
fashion,https://www.semrush.com/website/top/argentina/fashion
finance,https://www.semrush.com/website/top/argentina/finance
food-and-beverages,https://www.semrush.com/website/top/argentina/food-and-beverages
gambling,https://www.semrush.com/website/top/argentina/gambling
games,https://www.semrush.com/website/top/argentina/games
health,https://www.semrush.com/website/top/argentina/health
information-technology,https://www.semrush.com/website/top/argentina/information-technology
insurance,https://www.semrush.com/website/top/argentina/insurance
investment,https://www.semrush.com/website/top/argentina/investment
jobs,https://www.semrush.com/website/top/argentina/jobs
market-research,https://www.semrush.com/website/top/argentina/market-research
music,https://www.semrush.com/website/top/argentina/music
news-and-media,https://www.semrush.com/website/top/argentina/news-and-media
online-services,https://www.semrush.com/website/top/argentina/online-services
real-estate,https://www.semrush.com/website/top/argentina/real-estate
restaurants,https://www.semrush.com/website/top/argentina/restaurants
science,https://www.semrush.com/website/top/argentina/science
sports,https://www.semrush.com/website/top/argentina/sports
telecom,https://www.semrush.com/website/top/argentina/telecom
transportation-and-logistics,https://www.semrush.com/website/top/argentina/transportation-and-logistics
travel-and-tourism,https://www.semrush.com/website/top/argentina/travel-and-tourism
vehicles,https://www.semrush.com/website/top/argentina/vehicles
wellness,https://www.semrush.com/website/top/argentina/wellnessall,https://www.semrush.com/website/top/argentina/all
accommodation-and-hotels,https://www.semrush.com/website/top/argentina/accommodation-and-hotels
advertising-and-marketing,https://www.semrush.com/website/top/argentina/advertising-and-marketing
airlines,https://www.semrush.com/website/top/argentina/airlines
banking,https://www.semrush.com/website/top/argentina/banking
beauty,https://www.semrush.com/website/top/argentina/beauty
computer-software-and-development,https://www.semrush.com/website/top/argentina/computer-software-and-development
distance-learning,https://www.semrush.com/website/top/argentina/distance-learning
e-commerce-and-retail,https://www.semrush.com/website/top/argentina/e-commerce-and-retail
education,https://www.semrush.com/website/top/argentina/education
entertainment,https://www.semrush.com/website/top/argentina/entertainment
fashion,https://www.semrush.com/website/top/argentina/fashion
finance,https://www.semrush.com/website/top/argentina/finance
food-and-beverages,https://www.semrush.com/website/top/argentina/food-and-beverages
gambling,https://www.semrush.com/website/top/argentina/gambling
games,https://www.semrush.com/website/top/argentina/games
health,https://www.semrush.com/website/top/argentina/health
information-technology,https://www.semrush.com/website/top/argentina/information-technology
insurance,https://www.semrush.com/website/top/argentina/insurance
investment,https://www.semrush.com/website/top/argentina/investment
jobs,https://www.semrush.com/website/top/argentina/jobs
market-research,https://www.semrush.com/website/top/argentina/market-research
music,https://www.semrush.com/website/top/argentina/music
news-and-media,https://www.semrush.com/website/top/argentina/news-and-media
online-services,https://www.semrush.com/website/top/argentina/online-services
real-estate,https://www.semrush.com/website/top/argentina/real-estate
restaurants,https://www.semrush.com/website/top/argentina/restaurants
science,https://www.semrush.com/website/top/argentina/science
sports,https://www.semrush.com/website/top/argentina/sports
telecom,https://www.semrush.com/website/top/argentina/telecom
transportation-and-logistics,https://www.semrush.com/website/top/argentina/transportation-and-logistics
travel-and-tourism,https://www.semrush.com/website/top/argentina/travel-and-tourism
vehicles,https://www.semrush.com/website/top/argentina/vehicles
wellness,https://www.semrush.com/website/top/argentina/wellness