all,https://www.semrush.com/website/top/brazil/all
accommodation-and-hotels,https://www.semrush.com/website/top/brazil/accommodation-and-hotels
advertising-and-marketing,https://www.semrush.com/website/top/brazil/advertising-and-marketing
airlines,https://www.semrush.com/website/top/brazil/airlines
banking,https://www.semrush.com/website/top/brazil/banking
beauty,https://www.semrush.com/website/top/brazil/beauty
computer-software-and-development,https://www.semrush.com/website/top/brazil/computer-software-and-development
distance-learning,https://www.semrush.com/website/top/brazil/distance-learning
e-commerce-and-retail,https://www.semrush.com/website/top/brazil/e-commerce-and-retail
education,https://www.semrush.com/website/top/brazil/education
entertainment,https://www.semrush.com/website/top/brazil/entertainment
fashion,https://www.semrush.com/website/top/brazil/fashion
finance,https://www.semrush.com/website/top/brazil/finance
food-and-beverages,https://www.semrush.com/website/top/brazil/food-and-beverages
gambling,https://www.semrush.com/website/top/brazil/gambling
games,https://www.semrush.com/website/top/brazil/games
health,https://www.semrush.com/website/top/brazil/health
information-technology,https://www.semrush.com/website/top/brazil/information-technology
insurance,https://www.semrush.com/website/top/brazil/insurance
investment,https://www.semrush.com/website/top/brazil/investment
jobs,https://www.semrush.com/website/top/brazil/jobs
market-research,https://www.semrush.com/website/top/brazil/market-research
music,https://www.semrush.com/website/top/brazil/music
news-and-media,https://www.semrush.com/website/top/brazil/news-and-media
online-services,https://www.semrush.com/website/top/brazil/online-services
real-estate,https://www.semrush.com/website/top/brazil/real-estate
restaurants,https://www.semrush.com/website/top/brazil/restaurants
science,https://www.semrush.com/website/top/brazil/science
sports,https://www.semrush.com/website/top/brazil/sports
telecom,https://www.semrush.com/website/top/brazil/telecom
transportation-and-logistics,https://www.semrush.com/website/top/brazil/transportation-and-logistics
travel-and-tourism,https://www.semrush.com/website/top/brazil/travel-and-tourism
vehicles,https://www.semrush.com/website/top/brazil/vehicles
wellness,https://www.semrush.com/website/top/brazil/wellnessall,https://www.semrush.com/website/top/brazil/all
business,https://www.semrush.com/website/top/brazil/business
communities,https://www.semrush.com/website/top/brazil/communities
computer-technology-internet,https://www.semrush.com/website/top/brazil/computer-technology-internet
e-commerce-shopping,https://www.semrush.com/website/top/brazil/e-commerce-shopping
entertainment,https://www.semrush.com/website/top/brazil/entertainment
finance,https://www.semrush.com/website/top/brazil/finance
health,https://www.semrush.com/website/top/brazil/health
jobs-education,https://www.semrush.com/website/top/brazil/jobs-education
mobile,https://www.semrush.com/website/top/brazil/mobile
news-media,https://www.semrush.com/website/top/brazil/news-media
technology,https://www.semrush.com/website/top/brazil/technologyall,https://www.semrush.com/website/top/brazil/all
accommodation-and-hotels,https://www.semrush.com/website/top/brazil/accommodation-and-hotels
advertising-and-marketing,https://www.semrush.com/website/top/brazil/advertising-and-marketing
airlines,https://www.semrush.com/website/top/brazil/airlines
banking,https://www.semrush.com/website/top/brazil/banking
beauty,https://www.semrush.com/website/top/brazil/beauty
computer-software-and-development,https://www.semrush.com/website/top/brazil/computer-software-and-development
distance-learning,https://www.semrush.com/website/top/brazil/distance-learning
e-commerce-and-retail,https://www.semrush.com/website/top/brazil/e-commerce-and-retail
education,https://www.semrush.com/website/top/brazil/education
entertainment,https://www.semrush.com/website/top/brazil/entertainment
fashion,https://www.semrush.com/website/top/brazil/fashion
finance,https://www.semrush.com/website/top/brazil/finance
food-and-beverages,https://www.semrush.com/website/top/brazil/food-and-beverages
gambling,https://www.semrush.com/website/top/brazil/gambling
games,https://www.semrush.com/website/top/brazil/games
health,https://www.semrush.com/website/top/brazil/health
information-technology,https://www.semrush.com/website/top/brazil/information-technology
insurance,https://www.semrush.com/website/top/brazil/insurance
investment,https://www.semrush.com/website/top/brazil/investment
jobs,https://www.semrush.com/website/top/brazil/jobs
market-research,https://www.semrush.com/website/top/brazil/market-research
music,https://www.semrush.com/website/top/brazil/music
news-and-media,https://www.semrush.com/website/top/brazil/news-and-media
online-services,https://www.semrush.com/website/top/brazil/online-services
real-estate,https://www.semrush.com/website/top/brazil/real-estate
restaurants,https://www.semrush.com/website/top/brazil/restaurants
science,https://www.semrush.com/website/top/brazil/science
sports,https://www.semrush.com/website/top/brazil/sports
telecom,https://www.semrush.com/website/top/brazil/telecom
transportation-and-logistics,https://www.semrush.com/website/top/brazil/transportation-and-logistics
travel-and-tourism,https://www.semrush.com/website/top/brazil/travel-and-tourism
vehicles,https://www.semrush.com/website/top/brazil/vehicles
wellness,https://www.semrush.com/website/top/brazil/wellness