all,https://www.semrush.com/website/top/canada/all
accommodation-and-hotels,https://www.semrush.com/website/top/canada/accommodation-and-hotels
advertising-and-marketing,https://www.semrush.com/website/top/canada/advertising-and-marketing
airlines,https://www.semrush.com/website/top/canada/airlines
banking,https://www.semrush.com/website/top/canada/banking
beauty,https://www.semrush.com/website/top/canada/beauty
computer-software-and-development,https://www.semrush.com/website/top/canada/computer-software-and-development
distance-learning,https://www.semrush.com/website/top/canada/distance-learning
e-commerce-and-retail,https://www.semrush.com/website/top/canada/e-commerce-and-retail
education,https://www.semrush.com/website/top/canada/education
entertainment,https://www.semrush.com/website/top/canada/entertainment
fashion,https://www.semrush.com/website/top/canada/fashion
finance,https://www.semrush.com/website/top/canada/finance
food-and-beverages,https://www.semrush.com/website/top/canada/food-and-beverages
gambling,https://www.semrush.com/website/top/canada/gambling
games,https://www.semrush.com/website/top/canada/games
health,https://www.semrush.com/website/top/canada/health
information-technology,https://www.semrush.com/website/top/canada/information-technology
insurance,https://www.semrush.com/website/top/canada/insurance
investment,https://www.semrush.com/website/top/canada/investment
jobs,https://www.semrush.com/website/top/canada/jobs
market-research,https://www.semrush.com/website/top/canada/market-research
music,https://www.semrush.com/website/top/canada/music
news-and-media,https://www.semrush.com/website/top/canada/news-and-media
online-services,https://www.semrush.com/website/top/canada/online-services
real-estate,https://www.semrush.com/website/top/canada/real-estate
restaurants,https://www.semrush.com/website/top/canada/restaurants
science,https://www.semrush.com/website/top/canada/science
sports,https://www.semrush.com/website/top/canada/sports
telecom,https://www.semrush.com/website/top/canada/telecom
transportation-and-logistics,https://www.semrush.com/website/top/canada/transportation-and-logistics
travel-and-tourism,https://www.semrush.com/website/top/canada/travel-and-tourism
vehicles,https://www.semrush.com/website/top/canada/vehicles
wellness,https://www.semrush.com/website/top/canada/wellnessall,https://www.semrush.com/website/top/canada/all
business,https://www.semrush.com/website/top/canada/business
communities,https://www.semrush.com/website/top/canada/communities
computer-technology-internet,https://www.semrush.com/website/top/canada/computer-technology-internet
e-commerce-shopping,https://www.semrush.com/website/top/canada/e-commerce-shopping
entertainment,https://www.semrush.com/website/top/canada/entertainment
finance,https://www.semrush.com/website/top/canada/finance
health,https://www.semrush.com/website/top/canada/health
jobs-education,https://www.semrush.com/website/top/canada/jobs-education
mobile,https://www.semrush.com/website/top/canada/mobile
news-media,https://www.semrush.com/website/top/canada/news-media
technology,https://www.semrush.com/website/top/canada/technologyall,https://www.semrush.com/website/top/canada/all
accommodation-and-hotels,https://www.semrush.com/website/top/canada/accommodation-and-hotels
advertising-and-marketing,https://www.semrush.com/website/top/canada/advertising-and-marketing
airlines,https://www.semrush.com/website/top/canada/airlines
banking,https://www.semrush.com/website/top/canada/banking
beauty,https://www.semrush.com/website/top/canada/beauty
computer-software-and-development,https://www.semrush.com/website/top/canada/computer-software-and-development
distance-learning,https://www.semrush.com/website/top/canada/distance-learning
e-commerce-and-retail,https://www.semrush.com/website/top/canada/e-commerce-and-retail
education,https://www.semrush.com/website/top/canada/education
entertainment,https://www.semrush.com/website/top/canada/entertainment
fashion,https://www.semrush.com/website/top/canada/fashion
finance,https://www.semrush.com/website/top/canada/finance
food-and-beverages,https://www.semrush.com/website/top/canada/food-and-beverages
gambling,https://www.semrush.com/website/top/canada/gambling
games,https://www.semrush.com/website/top/canada/games
health,https://www.semrush.com/website/top/canada/health
information-technology,https://www.semrush.com/website/top/canada/information-technology
insurance,https://www.semrush.com/website/top/canada/insurance
investment,https://www.semrush.com/website/top/canada/investment
jobs,https://www.semrush.com/website/top/canada/jobs
market-research,https://www.semrush.com/website/top/canada/market-research
music,https://www.semrush.com/website/top/canada/music
news-and-media,https://www.semrush.com/website/top/canada/news-and-media
online-services,https://www.semrush.com/website/top/canada/online-services
real-estate,https://www.semrush.com/website/top/canada/real-estate
restaurants,https://www.semrush.com/website/top/canada/restaurants
science,https://www.semrush.com/website/top/canada/science
sports,https://www.semrush.com/website/top/canada/sports
telecom,https://www.semrush.com/website/top/canada/telecom
transportation-and-logistics,https://www.semrush.com/website/top/canada/transportation-and-logistics
travel-and-tourism,https://www.semrush.com/website/top/canada/travel-and-tourism
vehicles,https://www.semrush.com/website/top/canada/vehicles
wellness,https://www.semrush.com/website/top/canada/wellness