all,https://www.semrush.com/website/top/greece/all
accommodation-and-hotels,https://www.semrush.com/website/top/greece/accommodation-and-hotels
advertising-and-marketing,https://www.semrush.com/website/top/greece/advertising-and-marketing
airlines,https://www.semrush.com/website/top/greece/airlines
banking,https://www.semrush.com/website/top/greece/banking
beauty,https://www.semrush.com/website/top/greece/beauty
computer-software-and-development,https://www.semrush.com/website/top/greece/computer-software-and-development
distance-learning,https://www.semrush.com/website/top/greece/distance-learning
e-commerce-and-retail,https://www.semrush.com/website/top/greece/e-commerce-and-retail
education,https://www.semrush.com/website/top/greece/education
entertainment,https://www.semrush.com/website/top/greece/entertainment
fashion,https://www.semrush.com/website/top/greece/fashion
finance,https://www.semrush.com/website/top/greece/finance
food-and-beverages,https://www.semrush.com/website/top/greece/food-and-beverages
gambling,https://www.semrush.com/website/top/greece/gambling
games,https://www.semrush.com/website/top/greece/games
health,https://www.semrush.com/website/top/greece/health
information-technology,https://www.semrush.com/website/top/greece/information-technology
insurance,https://www.semrush.com/website/top/greece/insurance
investment,https://www.semrush.com/website/top/greece/investment
jobs,https://www.semrush.com/website/top/greece/jobs
market-research,https://www.semrush.com/website/top/greece/market-research
music,https://www.semrush.com/website/top/greece/music
news-and-media,https://www.semrush.com/website/top/greece/news-and-media
online-services,https://www.semrush.com/website/top/greece/online-services
real-estate,https://www.semrush.com/website/top/greece/real-estate
restaurants,https://www.semrush.com/website/top/greece/restaurants
science,https://www.semrush.com/website/top/greece/science
sports,https://www.semrush.com/website/top/greece/sports
telecom,https://www.semrush.com/website/top/greece/telecom
transportation-and-logistics,https://www.semrush.com/website/top/greece/transportation-and-logistics
travel-and-tourism,https://www.semrush.com/website/top/greece/travel-and-tourism
vehicles,https://www.semrush.com/website/top/greece/vehicles
wellness,https://www.semrush.com/website/top/greece/wellnessall,https://www.semrush.com/website/top/greece/all
accommodation-and-hotels,https://www.semrush.com/website/top/greece/accommodation-and-hotels
advertising-and-marketing,https://www.semrush.com/website/top/greece/advertising-and-marketing
airlines,https://www.semrush.com/website/top/greece/airlines
banking,https://www.semrush.com/website/top/greece/banking
beauty,https://www.semrush.com/website/top/greece/beauty
computer-software-and-development,https://www.semrush.com/website/top/greece/computer-software-and-development
distance-learning,https://www.semrush.com/website/top/greece/distance-learning
e-commerce-and-retail,https://www.semrush.com/website/top/greece/e-commerce-and-retail
education,https://www.semrush.com/website/top/greece/education
entertainment,https://www.semrush.com/website/top/greece/entertainment
fashion,https://www.semrush.com/website/top/greece/fashion
finance,https://www.semrush.com/website/top/greece/finance
food-and-beverages,https://www.semrush.com/website/top/greece/food-and-beverages
gambling,https://www.semrush.com/website/top/greece/gambling
games,https://www.semrush.com/website/top/greece/games
health,https://www.semrush.com/website/top/greece/health
information-technology,https://www.semrush.com/website/top/greece/information-technology
insurance,https://www.semrush.com/website/top/greece/insurance
investment,https://www.semrush.com/website/top/greece/investment
jobs,https://www.semrush.com/website/top/greece/jobs
market-research,https://www.semrush.com/website/top/greece/market-research
music,https://www.semrush.com/website/top/greece/music
news-and-media,https://www.semrush.com/website/top/greece/news-and-media
online-services,https://www.semrush.com/website/top/greece/online-services
real-estate,https://www.semrush.com/website/top/greece/real-estate
restaurants,https://www.semrush.com/website/top/greece/restaurants
science,https://www.semrush.com/website/top/greece/science
sports,https://www.semrush.com/website/top/greece/sports
telecom,https://www.semrush.com/website/top/greece/telecom
transportation-and-logistics,https://www.semrush.com/website/top/greece/transportation-and-logistics
travel-and-tourism,https://www.semrush.com/website/top/greece/travel-and-tourism
vehicles,https://www.semrush.com/website/top/greece/vehicles
wellness,https://www.semrush.com/website/top/greece/wellness