all,https://www.semrush.com/website/top/israel/all
accommodation-and-hotels,https://www.semrush.com/website/top/israel/accommodation-and-hotels
advertising-and-marketing,https://www.semrush.com/website/top/israel/advertising-and-marketing
airlines,https://www.semrush.com/website/top/israel/airlines
banking,https://www.semrush.com/website/top/israel/banking
beauty,https://www.semrush.com/website/top/israel/beauty
computer-software-and-development,https://www.semrush.com/website/top/israel/computer-software-and-development
distance-learning,https://www.semrush.com/website/top/israel/distance-learning
e-commerce-and-retail,https://www.semrush.com/website/top/israel/e-commerce-and-retail
education,https://www.semrush.com/website/top/israel/education
entertainment,https://www.semrush.com/website/top/israel/entertainment
fashion,https://www.semrush.com/website/top/israel/fashion
finance,https://www.semrush.com/website/top/israel/finance
food-and-beverages,https://www.semrush.com/website/top/israel/food-and-beverages
gambling,https://www.semrush.com/website/top/israel/gambling
games,https://www.semrush.com/website/top/israel/games
health,https://www.semrush.com/website/top/israel/health
information-technology,https://www.semrush.com/website/top/israel/information-technology
insurance,https://www.semrush.com/website/top/israel/insurance
investment,https://www.semrush.com/website/top/israel/investment
jobs,https://www.semrush.com/website/top/israel/jobs
market-research,https://www.semrush.com/website/top/israel/market-research
music,https://www.semrush.com/website/top/israel/music
news-and-media,https://www.semrush.com/website/top/israel/news-and-media
online-services,https://www.semrush.com/website/top/israel/online-services
real-estate,https://www.semrush.com/website/top/israel/real-estate
restaurants,https://www.semrush.com/website/top/israel/restaurants
science,https://www.semrush.com/website/top/israel/science
sports,https://www.semrush.com/website/top/israel/sports
telecom,https://www.semrush.com/website/top/israel/telecom
transportation-and-logistics,https://www.semrush.com/website/top/israel/transportation-and-logistics
travel-and-tourism,https://www.semrush.com/website/top/israel/travel-and-tourism
vehicles,https://www.semrush.com/website/top/israel/vehicles
wellness,https://www.semrush.com/website/top/israel/wellnessall,https://www.semrush.com/website/top/israel/all
accommodation-and-hotels,https://www.semrush.com/website/top/israel/accommodation-and-hotels
advertising-and-marketing,https://www.semrush.com/website/top/israel/advertising-and-marketing
airlines,https://www.semrush.com/website/top/israel/airlines
banking,https://www.semrush.com/website/top/israel/banking
beauty,https://www.semrush.com/website/top/israel/beauty
computer-software-and-development,https://www.semrush.com/website/top/israel/computer-software-and-development
distance-learning,https://www.semrush.com/website/top/israel/distance-learning
e-commerce-and-retail,https://www.semrush.com/website/top/israel/e-commerce-and-retail
education,https://www.semrush.com/website/top/israel/education
entertainment,https://www.semrush.com/website/top/israel/entertainment
fashion,https://www.semrush.com/website/top/israel/fashion
finance,https://www.semrush.com/website/top/israel/finance
food-and-beverages,https://www.semrush.com/website/top/israel/food-and-beverages
gambling,https://www.semrush.com/website/top/israel/gambling
games,https://www.semrush.com/website/top/israel/games
health,https://www.semrush.com/website/top/israel/health
information-technology,https://www.semrush.com/website/top/israel/information-technology
insurance,https://www.semrush.com/website/top/israel/insurance
investment,https://www.semrush.com/website/top/israel/investment
jobs,https://www.semrush.com/website/top/israel/jobs
market-research,https://www.semrush.com/website/top/israel/market-research
music,https://www.semrush.com/website/top/israel/music
news-and-media,https://www.semrush.com/website/top/israel/news-and-media
online-services,https://www.semrush.com/website/top/israel/online-services
real-estate,https://www.semrush.com/website/top/israel/real-estate
restaurants,https://www.semrush.com/website/top/israel/restaurants
science,https://www.semrush.com/website/top/israel/science
sports,https://www.semrush.com/website/top/israel/sports
telecom,https://www.semrush.com/website/top/israel/telecom
transportation-and-logistics,https://www.semrush.com/website/top/israel/transportation-and-logistics
travel-and-tourism,https://www.semrush.com/website/top/israel/travel-and-tourism
vehicles,https://www.semrush.com/website/top/israel/vehicles
wellness,https://www.semrush.com/website/top/israel/wellness