all,https://www.semrush.com/website/top/italy/all
accommodation-and-hotels,https://www.semrush.com/website/top/italy/accommodation-and-hotels
advertising-and-marketing,https://www.semrush.com/website/top/italy/advertising-and-marketing
airlines,https://www.semrush.com/website/top/italy/airlines
banking,https://www.semrush.com/website/top/italy/banking
beauty,https://www.semrush.com/website/top/italy/beauty
computer-software-and-development,https://www.semrush.com/website/top/italy/computer-software-and-development
distance-learning,https://www.semrush.com/website/top/italy/distance-learning
e-commerce-and-retail,https://www.semrush.com/website/top/italy/e-commerce-and-retail
education,https://www.semrush.com/website/top/italy/education
entertainment,https://www.semrush.com/website/top/italy/entertainment
fashion,https://www.semrush.com/website/top/italy/fashion
finance,https://www.semrush.com/website/top/italy/finance
food-and-beverages,https://www.semrush.com/website/top/italy/food-and-beverages
gambling,https://www.semrush.com/website/top/italy/gambling
games,https://www.semrush.com/website/top/italy/games
health,https://www.semrush.com/website/top/italy/health
information-technology,https://www.semrush.com/website/top/italy/information-technology
insurance,https://www.semrush.com/website/top/italy/insurance
investment,https://www.semrush.com/website/top/italy/investment
jobs,https://www.semrush.com/website/top/italy/jobs
market-research,https://www.semrush.com/website/top/italy/market-research
music,https://www.semrush.com/website/top/italy/music
news-and-media,https://www.semrush.com/website/top/italy/news-and-media
online-services,https://www.semrush.com/website/top/italy/online-services
real-estate,https://www.semrush.com/website/top/italy/real-estate
restaurants,https://www.semrush.com/website/top/italy/restaurants
science,https://www.semrush.com/website/top/italy/science
sports,https://www.semrush.com/website/top/italy/sports
telecom,https://www.semrush.com/website/top/italy/telecom
transportation-and-logistics,https://www.semrush.com/website/top/italy/transportation-and-logistics
travel-and-tourism,https://www.semrush.com/website/top/italy/travel-and-tourism
vehicles,https://www.semrush.com/website/top/italy/vehicles
wellness,https://www.semrush.com/website/top/italy/wellnessall,https://www.semrush.com/website/top/italy/all
accommodation-and-hotels,https://www.semrush.com/website/top/italy/accommodation-and-hotels
advertising-and-marketing,https://www.semrush.com/website/top/italy/advertising-and-marketing
airlines,https://www.semrush.com/website/top/italy/airlines
banking,https://www.semrush.com/website/top/italy/banking
beauty,https://www.semrush.com/website/top/italy/beauty
computer-software-and-development,https://www.semrush.com/website/top/italy/computer-software-and-development
distance-learning,https://www.semrush.com/website/top/italy/distance-learning
e-commerce-and-retail,https://www.semrush.com/website/top/italy/e-commerce-and-retail
education,https://www.semrush.com/website/top/italy/education
entertainment,https://www.semrush.com/website/top/italy/entertainment
fashion,https://www.semrush.com/website/top/italy/fashion
finance,https://www.semrush.com/website/top/italy/finance
food-and-beverages,https://www.semrush.com/website/top/italy/food-and-beverages
gambling,https://www.semrush.com/website/top/italy/gambling
games,https://www.semrush.com/website/top/italy/games
health,https://www.semrush.com/website/top/italy/health
information-technology,https://www.semrush.com/website/top/italy/information-technology
insurance,https://www.semrush.com/website/top/italy/insurance
investment,https://www.semrush.com/website/top/italy/investment
jobs,https://www.semrush.com/website/top/italy/jobs
market-research,https://www.semrush.com/website/top/italy/market-research
music,https://www.semrush.com/website/top/italy/music
news-and-media,https://www.semrush.com/website/top/italy/news-and-media
online-services,https://www.semrush.com/website/top/italy/online-services
real-estate,https://www.semrush.com/website/top/italy/real-estate
restaurants,https://www.semrush.com/website/top/italy/restaurants
science,https://www.semrush.com/website/top/italy/science
sports,https://www.semrush.com/website/top/italy/sports
telecom,https://www.semrush.com/website/top/italy/telecom
transportation-and-logistics,https://www.semrush.com/website/top/italy/transportation-and-logistics
travel-and-tourism,https://www.semrush.com/website/top/italy/travel-and-tourism
vehicles,https://www.semrush.com/website/top/italy/vehicles
wellness,https://www.semrush.com/website/top/italy/wellness