all,https://www.semrush.com/website/top/malaysia/all
accommodation-and-hotels,https://www.semrush.com/website/top/malaysia/accommodation-and-hotels
advertising-and-marketing,https://www.semrush.com/website/top/malaysia/advertising-and-marketing
airlines,https://www.semrush.com/website/top/malaysia/airlines
banking,https://www.semrush.com/website/top/malaysia/banking
beauty,https://www.semrush.com/website/top/malaysia/beauty
computer-software-and-development,https://www.semrush.com/website/top/malaysia/computer-software-and-development
distance-learning,https://www.semrush.com/website/top/malaysia/distance-learning
e-commerce-and-retail,https://www.semrush.com/website/top/malaysia/e-commerce-and-retail
education,https://www.semrush.com/website/top/malaysia/education
entertainment,https://www.semrush.com/website/top/malaysia/entertainment
fashion,https://www.semrush.com/website/top/malaysia/fashion
finance,https://www.semrush.com/website/top/malaysia/finance
food-and-beverages,https://www.semrush.com/website/top/malaysia/food-and-beverages
gambling,https://www.semrush.com/website/top/malaysia/gambling
games,https://www.semrush.com/website/top/malaysia/games
health,https://www.semrush.com/website/top/malaysia/health
information-technology,https://www.semrush.com/website/top/malaysia/information-technology
insurance,https://www.semrush.com/website/top/malaysia/insurance
investment,https://www.semrush.com/website/top/malaysia/investment
jobs,https://www.semrush.com/website/top/malaysia/jobs
market-research,https://www.semrush.com/website/top/malaysia/market-research
music,https://www.semrush.com/website/top/malaysia/music
news-and-media,https://www.semrush.com/website/top/malaysia/news-and-media
online-services,https://www.semrush.com/website/top/malaysia/online-services
real-estate,https://www.semrush.com/website/top/malaysia/real-estate
restaurants,https://www.semrush.com/website/top/malaysia/restaurants
science,https://www.semrush.com/website/top/malaysia/science
sports,https://www.semrush.com/website/top/malaysia/sports
telecom,https://www.semrush.com/website/top/malaysia/telecom
transportation-and-logistics,https://www.semrush.com/website/top/malaysia/transportation-and-logistics
travel-and-tourism,https://www.semrush.com/website/top/malaysia/travel-and-tourism
vehicles,https://www.semrush.com/website/top/malaysia/vehicles
wellness,https://www.semrush.com/website/top/malaysia/wellnessall,https://www.semrush.com/website/top/malaysia/all
accommodation-and-hotels,https://www.semrush.com/website/top/malaysia/accommodation-and-hotels
advertising-and-marketing,https://www.semrush.com/website/top/malaysia/advertising-and-marketing
airlines,https://www.semrush.com/website/top/malaysia/airlines
banking,https://www.semrush.com/website/top/malaysia/banking
beauty,https://www.semrush.com/website/top/malaysia/beauty
computer-software-and-development,https://www.semrush.com/website/top/malaysia/computer-software-and-development
distance-learning,https://www.semrush.com/website/top/malaysia/distance-learning
e-commerce-and-retail,https://www.semrush.com/website/top/malaysia/e-commerce-and-retail
education,https://www.semrush.com/website/top/malaysia/education
entertainment,https://www.semrush.com/website/top/malaysia/entertainment
fashion,https://www.semrush.com/website/top/malaysia/fashion
finance,https://www.semrush.com/website/top/malaysia/finance
food-and-beverages,https://www.semrush.com/website/top/malaysia/food-and-beverages
gambling,https://www.semrush.com/website/top/malaysia/gambling
games,https://www.semrush.com/website/top/malaysia/games
health,https://www.semrush.com/website/top/malaysia/health
information-technology,https://www.semrush.com/website/top/malaysia/information-technology
insurance,https://www.semrush.com/website/top/malaysia/insurance
investment,https://www.semrush.com/website/top/malaysia/investment
jobs,https://www.semrush.com/website/top/malaysia/jobs
market-research,https://www.semrush.com/website/top/malaysia/market-research
music,https://www.semrush.com/website/top/malaysia/music
news-and-media,https://www.semrush.com/website/top/malaysia/news-and-media
online-services,https://www.semrush.com/website/top/malaysia/online-services
real-estate,https://www.semrush.com/website/top/malaysia/real-estate
restaurants,https://www.semrush.com/website/top/malaysia/restaurants
science,https://www.semrush.com/website/top/malaysia/science
sports,https://www.semrush.com/website/top/malaysia/sports
telecom,https://www.semrush.com/website/top/malaysia/telecom
transportation-and-logistics,https://www.semrush.com/website/top/malaysia/transportation-and-logistics
travel-and-tourism,https://www.semrush.com/website/top/malaysia/travel-and-tourism
vehicles,https://www.semrush.com/website/top/malaysia/vehicles
wellness,https://www.semrush.com/website/top/malaysia/wellness