all,https://www.semrush.com/website/top/netherlands/all
accommodation-and-hotels,https://www.semrush.com/website/top/netherlands/accommodation-and-hotels
advertising-and-marketing,https://www.semrush.com/website/top/netherlands/advertising-and-marketing
airlines,https://www.semrush.com/website/top/netherlands/airlines
banking,https://www.semrush.com/website/top/netherlands/banking
beauty,https://www.semrush.com/website/top/netherlands/beauty
computer-software-and-development,https://www.semrush.com/website/top/netherlands/computer-software-and-development
distance-learning,https://www.semrush.com/website/top/netherlands/distance-learning
e-commerce-and-retail,https://www.semrush.com/website/top/netherlands/e-commerce-and-retail
education,https://www.semrush.com/website/top/netherlands/education
entertainment,https://www.semrush.com/website/top/netherlands/entertainment
fashion,https://www.semrush.com/website/top/netherlands/fashion
finance,https://www.semrush.com/website/top/netherlands/finance
food-and-beverages,https://www.semrush.com/website/top/netherlands/food-and-beverages
gambling,https://www.semrush.com/website/top/netherlands/gambling
games,https://www.semrush.com/website/top/netherlands/games
health,https://www.semrush.com/website/top/netherlands/health
information-technology,https://www.semrush.com/website/top/netherlands/information-technology
insurance,https://www.semrush.com/website/top/netherlands/insurance
investment,https://www.semrush.com/website/top/netherlands/investment
jobs,https://www.semrush.com/website/top/netherlands/jobs
market-research,https://www.semrush.com/website/top/netherlands/market-research
music,https://www.semrush.com/website/top/netherlands/music
news-and-media,https://www.semrush.com/website/top/netherlands/news-and-media
online-services,https://www.semrush.com/website/top/netherlands/online-services
real-estate,https://www.semrush.com/website/top/netherlands/real-estate
restaurants,https://www.semrush.com/website/top/netherlands/restaurants
science,https://www.semrush.com/website/top/netherlands/science
sports,https://www.semrush.com/website/top/netherlands/sports
telecom,https://www.semrush.com/website/top/netherlands/telecom
transportation-and-logistics,https://www.semrush.com/website/top/netherlands/transportation-and-logistics
travel-and-tourism,https://www.semrush.com/website/top/netherlands/travel-and-tourism
vehicles,https://www.semrush.com/website/top/netherlands/vehicles
wellness,https://www.semrush.com/website/top/netherlands/wellnessall,https://www.semrush.com/website/top/netherlands/all
accommodation-and-hotels,https://www.semrush.com/website/top/netherlands/accommodation-and-hotels
advertising-and-marketing,https://www.semrush.com/website/top/netherlands/advertising-and-marketing
airlines,https://www.semrush.com/website/top/netherlands/airlines
banking,https://www.semrush.com/website/top/netherlands/banking
beauty,https://www.semrush.com/website/top/netherlands/beauty
computer-software-and-development,https://www.semrush.com/website/top/netherlands/computer-software-and-development
distance-learning,https://www.semrush.com/website/top/netherlands/distance-learning
e-commerce-and-retail,https://www.semrush.com/website/top/netherlands/e-commerce-and-retail
education,https://www.semrush.com/website/top/netherlands/education
entertainment,https://www.semrush.com/website/top/netherlands/entertainment
fashion,https://www.semrush.com/website/top/netherlands/fashion
finance,https://www.semrush.com/website/top/netherlands/finance
food-and-beverages,https://www.semrush.com/website/top/netherlands/food-and-beverages
gambling,https://www.semrush.com/website/top/netherlands/gambling
games,https://www.semrush.com/website/top/netherlands/games
health,https://www.semrush.com/website/top/netherlands/health
information-technology,https://www.semrush.com/website/top/netherlands/information-technology
insurance,https://www.semrush.com/website/top/netherlands/insurance
investment,https://www.semrush.com/website/top/netherlands/investment
jobs,https://www.semrush.com/website/top/netherlands/jobs
market-research,https://www.semrush.com/website/top/netherlands/market-research
music,https://www.semrush.com/website/top/netherlands/music
news-and-media,https://www.semrush.com/website/top/netherlands/news-and-media
online-services,https://www.semrush.com/website/top/netherlands/online-services
real-estate,https://www.semrush.com/website/top/netherlands/real-estate
restaurants,https://www.semrush.com/website/top/netherlands/restaurants
science,https://www.semrush.com/website/top/netherlands/science
sports,https://www.semrush.com/website/top/netherlands/sports
telecom,https://www.semrush.com/website/top/netherlands/telecom
transportation-and-logistics,https://www.semrush.com/website/top/netherlands/transportation-and-logistics
travel-and-tourism,https://www.semrush.com/website/top/netherlands/travel-and-tourism
vehicles,https://www.semrush.com/website/top/netherlands/vehicles
wellness,https://www.semrush.com/website/top/netherlands/wellness