all,https://www.semrush.com/website/top/portugal/all
accommodation-and-hotels,https://www.semrush.com/website/top/portugal/accommodation-and-hotels
advertising-and-marketing,https://www.semrush.com/website/top/portugal/advertising-and-marketing
airlines,https://www.semrush.com/website/top/portugal/airlines
banking,https://www.semrush.com/website/top/portugal/banking
beauty,https://www.semrush.com/website/top/portugal/beauty
computer-software-and-development,https://www.semrush.com/website/top/portugal/computer-software-and-development
distance-learning,https://www.semrush.com/website/top/portugal/distance-learning
e-commerce-and-retail,https://www.semrush.com/website/top/portugal/e-commerce-and-retail
education,https://www.semrush.com/website/top/portugal/education
entertainment,https://www.semrush.com/website/top/portugal/entertainment
fashion,https://www.semrush.com/website/top/portugal/fashion
finance,https://www.semrush.com/website/top/portugal/finance
food-and-beverages,https://www.semrush.com/website/top/portugal/food-and-beverages
gambling,https://www.semrush.com/website/top/portugal/gambling
games,https://www.semrush.com/website/top/portugal/games
health,https://www.semrush.com/website/top/portugal/health
information-technology,https://www.semrush.com/website/top/portugal/information-technology
insurance,https://www.semrush.com/website/top/portugal/insurance
investment,https://www.semrush.com/website/top/portugal/investment
jobs,https://www.semrush.com/website/top/portugal/jobs
market-research,https://www.semrush.com/website/top/portugal/market-research
music,https://www.semrush.com/website/top/portugal/music
news-and-media,https://www.semrush.com/website/top/portugal/news-and-media
online-services,https://www.semrush.com/website/top/portugal/online-services
real-estate,https://www.semrush.com/website/top/portugal/real-estate
restaurants,https://www.semrush.com/website/top/portugal/restaurants
science,https://www.semrush.com/website/top/portugal/science
sports,https://www.semrush.com/website/top/portugal/sports
telecom,https://www.semrush.com/website/top/portugal/telecom
transportation-and-logistics,https://www.semrush.com/website/top/portugal/transportation-and-logistics
travel-and-tourism,https://www.semrush.com/website/top/portugal/travel-and-tourism
vehicles,https://www.semrush.com/website/top/portugal/vehicles
wellness,https://www.semrush.com/website/top/portugal/wellnessall,https://www.semrush.com/website/top/portugal/all
accommodation-and-hotels,https://www.semrush.com/website/top/portugal/accommodation-and-hotels
advertising-and-marketing,https://www.semrush.com/website/top/portugal/advertising-and-marketing
airlines,https://www.semrush.com/website/top/portugal/airlines
banking,https://www.semrush.com/website/top/portugal/banking
beauty,https://www.semrush.com/website/top/portugal/beauty
computer-software-and-development,https://www.semrush.com/website/top/portugal/computer-software-and-development
distance-learning,https://www.semrush.com/website/top/portugal/distance-learning
e-commerce-and-retail,https://www.semrush.com/website/top/portugal/e-commerce-and-retail
education,https://www.semrush.com/website/top/portugal/education
entertainment,https://www.semrush.com/website/top/portugal/entertainment
fashion,https://www.semrush.com/website/top/portugal/fashion
finance,https://www.semrush.com/website/top/portugal/finance
food-and-beverages,https://www.semrush.com/website/top/portugal/food-and-beverages
gambling,https://www.semrush.com/website/top/portugal/gambling
games,https://www.semrush.com/website/top/portugal/games
health,https://www.semrush.com/website/top/portugal/health
information-technology,https://www.semrush.com/website/top/portugal/information-technology
insurance,https://www.semrush.com/website/top/portugal/insurance
investment,https://www.semrush.com/website/top/portugal/investment
jobs,https://www.semrush.com/website/top/portugal/jobs
market-research,https://www.semrush.com/website/top/portugal/market-research
music,https://www.semrush.com/website/top/portugal/music
news-and-media,https://www.semrush.com/website/top/portugal/news-and-media
online-services,https://www.semrush.com/website/top/portugal/online-services
real-estate,https://www.semrush.com/website/top/portugal/real-estate
restaurants,https://www.semrush.com/website/top/portugal/restaurants
science,https://www.semrush.com/website/top/portugal/science
sports,https://www.semrush.com/website/top/portugal/sports
telecom,https://www.semrush.com/website/top/portugal/telecom
transportation-and-logistics,https://www.semrush.com/website/top/portugal/transportation-and-logistics
travel-and-tourism,https://www.semrush.com/website/top/portugal/travel-and-tourism
vehicles,https://www.semrush.com/website/top/portugal/vehicles
wellness,https://www.semrush.com/website/top/portugal/wellness