all,https://www.semrush.com/website/top/south-korea/all
accommodation-and-hotels,https://www.semrush.com/website/top/south-korea/accommodation-and-hotels
advertising-and-marketing,https://www.semrush.com/website/top/south-korea/advertising-and-marketing
airlines,https://www.semrush.com/website/top/south-korea/airlines
banking,https://www.semrush.com/website/top/south-korea/banking
beauty,https://www.semrush.com/website/top/south-korea/beauty
computer-software-and-development,https://www.semrush.com/website/top/south-korea/computer-software-and-development
distance-learning,https://www.semrush.com/website/top/south-korea/distance-learning
e-commerce-and-retail,https://www.semrush.com/website/top/south-korea/e-commerce-and-retail
education,https://www.semrush.com/website/top/south-korea/education
entertainment,https://www.semrush.com/website/top/south-korea/entertainment
fashion,https://www.semrush.com/website/top/south-korea/fashion
finance,https://www.semrush.com/website/top/south-korea/finance
food-and-beverages,https://www.semrush.com/website/top/south-korea/food-and-beverages
gambling,https://www.semrush.com/website/top/south-korea/gambling
games,https://www.semrush.com/website/top/south-korea/games
health,https://www.semrush.com/website/top/south-korea/health
information-technology,https://www.semrush.com/website/top/south-korea/information-technology
insurance,https://www.semrush.com/website/top/south-korea/insurance
investment,https://www.semrush.com/website/top/south-korea/investment
jobs,https://www.semrush.com/website/top/south-korea/jobs
market-research,https://www.semrush.com/website/top/south-korea/market-research
music,https://www.semrush.com/website/top/south-korea/music
news-and-media,https://www.semrush.com/website/top/south-korea/news-and-media
online-services,https://www.semrush.com/website/top/south-korea/online-services
real-estate,https://www.semrush.com/website/top/south-korea/real-estate
restaurants,https://www.semrush.com/website/top/south-korea/restaurants
science,https://www.semrush.com/website/top/south-korea/science
sports,https://www.semrush.com/website/top/south-korea/sports
telecom,https://www.semrush.com/website/top/south-korea/telecom
transportation-and-logistics,https://www.semrush.com/website/top/south-korea/transportation-and-logistics
travel-and-tourism,https://www.semrush.com/website/top/south-korea/travel-and-tourism
vehicles,https://www.semrush.com/website/top/south-korea/vehicles
wellness,https://www.semrush.com/website/top/south-korea/wellnessall,https://www.semrush.com/website/top/south-korea/all
accommodation-and-hotels,https://www.semrush.com/website/top/south-korea/accommodation-and-hotels
advertising-and-marketing,https://www.semrush.com/website/top/south-korea/advertising-and-marketing
airlines,https://www.semrush.com/website/top/south-korea/airlines
banking,https://www.semrush.com/website/top/south-korea/banking
beauty,https://www.semrush.com/website/top/south-korea/beauty
computer-software-and-development,https://www.semrush.com/website/top/south-korea/computer-software-and-development
distance-learning,https://www.semrush.com/website/top/south-korea/distance-learning
e-commerce-and-retail,https://www.semrush.com/website/top/south-korea/e-commerce-and-retail
education,https://www.semrush.com/website/top/south-korea/education
entertainment,https://www.semrush.com/website/top/south-korea/entertainment
fashion,https://www.semrush.com/website/top/south-korea/fashion
finance,https://www.semrush.com/website/top/south-korea/finance
food-and-beverages,https://www.semrush.com/website/top/south-korea/food-and-beverages
gambling,https://www.semrush.com/website/top/south-korea/gambling
games,https://www.semrush.com/website/top/south-korea/games
health,https://www.semrush.com/website/top/south-korea/health
information-technology,https://www.semrush.com/website/top/south-korea/information-technology
insurance,https://www.semrush.com/website/top/south-korea/insurance
investment,https://www.semrush.com/website/top/south-korea/investment
jobs,https://www.semrush.com/website/top/south-korea/jobs
market-research,https://www.semrush.com/website/top/south-korea/market-research
music,https://www.semrush.com/website/top/south-korea/music
news-and-media,https://www.semrush.com/website/top/south-korea/news-and-media
online-services,https://www.semrush.com/website/top/south-korea/online-services
real-estate,https://www.semrush.com/website/top/south-korea/real-estate
restaurants,https://www.semrush.com/website/top/south-korea/restaurants
science,https://www.semrush.com/website/top/south-korea/science
sports,https://www.semrush.com/website/top/south-korea/sports
telecom,https://www.semrush.com/website/top/south-korea/telecom
transportation-and-logistics,https://www.semrush.com/website/top/south-korea/transportation-and-logistics
travel-and-tourism,https://www.semrush.com/website/top/south-korea/travel-and-tourism
vehicles,https://www.semrush.com/website/top/south-korea/vehicles
wellness,https://www.semrush.com/website/top/south-korea/wellness