all,https://www.semrush.com/website/top/spain/all
accommodation-and-hotels,https://www.semrush.com/website/top/spain/accommodation-and-hotels
advertising-and-marketing,https://www.semrush.com/website/top/spain/advertising-and-marketing
airlines,https://www.semrush.com/website/top/spain/airlines
banking,https://www.semrush.com/website/top/spain/banking
beauty,https://www.semrush.com/website/top/spain/beauty
computer-software-and-development,https://www.semrush.com/website/top/spain/computer-software-and-development
distance-learning,https://www.semrush.com/website/top/spain/distance-learning
e-commerce-and-retail,https://www.semrush.com/website/top/spain/e-commerce-and-retail
education,https://www.semrush.com/website/top/spain/education
entertainment,https://www.semrush.com/website/top/spain/entertainment
fashion,https://www.semrush.com/website/top/spain/fashion
finance,https://www.semrush.com/website/top/spain/finance
food-and-beverages,https://www.semrush.com/website/top/spain/food-and-beverages
gambling,https://www.semrush.com/website/top/spain/gambling
games,https://www.semrush.com/website/top/spain/games
health,https://www.semrush.com/website/top/spain/health
information-technology,https://www.semrush.com/website/top/spain/information-technology
insurance,https://www.semrush.com/website/top/spain/insurance
investment,https://www.semrush.com/website/top/spain/investment
jobs,https://www.semrush.com/website/top/spain/jobs
market-research,https://www.semrush.com/website/top/spain/market-research
music,https://www.semrush.com/website/top/spain/music
news-and-media,https://www.semrush.com/website/top/spain/news-and-media
online-services,https://www.semrush.com/website/top/spain/online-services
real-estate,https://www.semrush.com/website/top/spain/real-estate
restaurants,https://www.semrush.com/website/top/spain/restaurants
science,https://www.semrush.com/website/top/spain/science
sports,https://www.semrush.com/website/top/spain/sports
telecom,https://www.semrush.com/website/top/spain/telecom
transportation-and-logistics,https://www.semrush.com/website/top/spain/transportation-and-logistics
travel-and-tourism,https://www.semrush.com/website/top/spain/travel-and-tourism
vehicles,https://www.semrush.com/website/top/spain/vehicles
wellness,https://www.semrush.com/website/top/spain/wellnessall,https://www.semrush.com/website/top/spain/all
accommodation-and-hotels,https://www.semrush.com/website/top/spain/accommodation-and-hotels
advertising-and-marketing,https://www.semrush.com/website/top/spain/advertising-and-marketing
airlines,https://www.semrush.com/website/top/spain/airlines
banking,https://www.semrush.com/website/top/spain/banking
beauty,https://www.semrush.com/website/top/spain/beauty
computer-software-and-development,https://www.semrush.com/website/top/spain/computer-software-and-development
distance-learning,https://www.semrush.com/website/top/spain/distance-learning
e-commerce-and-retail,https://www.semrush.com/website/top/spain/e-commerce-and-retail
education,https://www.semrush.com/website/top/spain/education
entertainment,https://www.semrush.com/website/top/spain/entertainment
fashion,https://www.semrush.com/website/top/spain/fashion
finance,https://www.semrush.com/website/top/spain/finance
food-and-beverages,https://www.semrush.com/website/top/spain/food-and-beverages
gambling,https://www.semrush.com/website/top/spain/gambling
games,https://www.semrush.com/website/top/spain/games
health,https://www.semrush.com/website/top/spain/health
information-technology,https://www.semrush.com/website/top/spain/information-technology
insurance,https://www.semrush.com/website/top/spain/insurance
investment,https://www.semrush.com/website/top/spain/investment
jobs,https://www.semrush.com/website/top/spain/jobs
market-research,https://www.semrush.com/website/top/spain/market-research
music,https://www.semrush.com/website/top/spain/music
news-and-media,https://www.semrush.com/website/top/spain/news-and-media
online-services,https://www.semrush.com/website/top/spain/online-services
real-estate,https://www.semrush.com/website/top/spain/real-estate
restaurants,https://www.semrush.com/website/top/spain/restaurants
science,https://www.semrush.com/website/top/spain/science
sports,https://www.semrush.com/website/top/spain/sports
telecom,https://www.semrush.com/website/top/spain/telecom
transportation-and-logistics,https://www.semrush.com/website/top/spain/transportation-and-logistics
travel-and-tourism,https://www.semrush.com/website/top/spain/travel-and-tourism
vehicles,https://www.semrush.com/website/top/spain/vehicles
wellness,https://www.semrush.com/website/top/spain/wellness