all,https://www.semrush.com/website/top/sweden/all
accommodation-and-hotels,https://www.semrush.com/website/top/sweden/accommodation-and-hotels
advertising-and-marketing,https://www.semrush.com/website/top/sweden/advertising-and-marketing
airlines,https://www.semrush.com/website/top/sweden/airlines
banking,https://www.semrush.com/website/top/sweden/banking
beauty,https://www.semrush.com/website/top/sweden/beauty
computer-software-and-development,https://www.semrush.com/website/top/sweden/computer-software-and-development
distance-learning,https://www.semrush.com/website/top/sweden/distance-learning
e-commerce-and-retail,https://www.semrush.com/website/top/sweden/e-commerce-and-retail
education,https://www.semrush.com/website/top/sweden/education
entertainment,https://www.semrush.com/website/top/sweden/entertainment
fashion,https://www.semrush.com/website/top/sweden/fashion
finance,https://www.semrush.com/website/top/sweden/finance
food-and-beverages,https://www.semrush.com/website/top/sweden/food-and-beverages
gambling,https://www.semrush.com/website/top/sweden/gambling
games,https://www.semrush.com/website/top/sweden/games
health,https://www.semrush.com/website/top/sweden/health
information-technology,https://www.semrush.com/website/top/sweden/information-technology
insurance,https://www.semrush.com/website/top/sweden/insurance
investment,https://www.semrush.com/website/top/sweden/investment
jobs,https://www.semrush.com/website/top/sweden/jobs
market-research,https://www.semrush.com/website/top/sweden/market-research
music,https://www.semrush.com/website/top/sweden/music
news-and-media,https://www.semrush.com/website/top/sweden/news-and-media
online-services,https://www.semrush.com/website/top/sweden/online-services
real-estate,https://www.semrush.com/website/top/sweden/real-estate
restaurants,https://www.semrush.com/website/top/sweden/restaurants
science,https://www.semrush.com/website/top/sweden/science
sports,https://www.semrush.com/website/top/sweden/sports
telecom,https://www.semrush.com/website/top/sweden/telecom
transportation-and-logistics,https://www.semrush.com/website/top/sweden/transportation-and-logistics
travel-and-tourism,https://www.semrush.com/website/top/sweden/travel-and-tourism
vehicles,https://www.semrush.com/website/top/sweden/vehicles
wellness,https://www.semrush.com/website/top/sweden/wellnessall,https://www.semrush.com/website/top/sweden/all
accommodation-and-hotels,https://www.semrush.com/website/top/sweden/accommodation-and-hotels
advertising-and-marketing,https://www.semrush.com/website/top/sweden/advertising-and-marketing
airlines,https://www.semrush.com/website/top/sweden/airlines
banking,https://www.semrush.com/website/top/sweden/banking
beauty,https://www.semrush.com/website/top/sweden/beauty
computer-software-and-development,https://www.semrush.com/website/top/sweden/computer-software-and-development
distance-learning,https://www.semrush.com/website/top/sweden/distance-learning
e-commerce-and-retail,https://www.semrush.com/website/top/sweden/e-commerce-and-retail
education,https://www.semrush.com/website/top/sweden/education
entertainment,https://www.semrush.com/website/top/sweden/entertainment
fashion,https://www.semrush.com/website/top/sweden/fashion
finance,https://www.semrush.com/website/top/sweden/finance
food-and-beverages,https://www.semrush.com/website/top/sweden/food-and-beverages
gambling,https://www.semrush.com/website/top/sweden/gambling
games,https://www.semrush.com/website/top/sweden/games
health,https://www.semrush.com/website/top/sweden/health
information-technology,https://www.semrush.com/website/top/sweden/information-technology
insurance,https://www.semrush.com/website/top/sweden/insurance
investment,https://www.semrush.com/website/top/sweden/investment
jobs,https://www.semrush.com/website/top/sweden/jobs
market-research,https://www.semrush.com/website/top/sweden/market-research
music,https://www.semrush.com/website/top/sweden/music
news-and-media,https://www.semrush.com/website/top/sweden/news-and-media
online-services,https://www.semrush.com/website/top/sweden/online-services
real-estate,https://www.semrush.com/website/top/sweden/real-estate
restaurants,https://www.semrush.com/website/top/sweden/restaurants
science,https://www.semrush.com/website/top/sweden/science
sports,https://www.semrush.com/website/top/sweden/sports
telecom,https://www.semrush.com/website/top/sweden/telecom
transportation-and-logistics,https://www.semrush.com/website/top/sweden/transportation-and-logistics
travel-and-tourism,https://www.semrush.com/website/top/sweden/travel-and-tourism
vehicles,https://www.semrush.com/website/top/sweden/vehicles
wellness,https://www.semrush.com/website/top/sweden/wellness