all,https://www.semrush.com/website/top/switzerland/all
accommodation-and-hotels,https://www.semrush.com/website/top/switzerland/accommodation-and-hotels
advertising-and-marketing,https://www.semrush.com/website/top/switzerland/advertising-and-marketing
airlines,https://www.semrush.com/website/top/switzerland/airlines
banking,https://www.semrush.com/website/top/switzerland/banking
beauty,https://www.semrush.com/website/top/switzerland/beauty
computer-software-and-development,https://www.semrush.com/website/top/switzerland/computer-software-and-development
distance-learning,https://www.semrush.com/website/top/switzerland/distance-learning
e-commerce-and-retail,https://www.semrush.com/website/top/switzerland/e-commerce-and-retail
education,https://www.semrush.com/website/top/switzerland/education
entertainment,https://www.semrush.com/website/top/switzerland/entertainment
fashion,https://www.semrush.com/website/top/switzerland/fashion
finance,https://www.semrush.com/website/top/switzerland/finance
food-and-beverages,https://www.semrush.com/website/top/switzerland/food-and-beverages
gambling,https://www.semrush.com/website/top/switzerland/gambling
games,https://www.semrush.com/website/top/switzerland/games
health,https://www.semrush.com/website/top/switzerland/health
information-technology,https://www.semrush.com/website/top/switzerland/information-technology
insurance,https://www.semrush.com/website/top/switzerland/insurance
investment,https://www.semrush.com/website/top/switzerland/investment
jobs,https://www.semrush.com/website/top/switzerland/jobs
market-research,https://www.semrush.com/website/top/switzerland/market-research
music,https://www.semrush.com/website/top/switzerland/music
news-and-media,https://www.semrush.com/website/top/switzerland/news-and-media
online-services,https://www.semrush.com/website/top/switzerland/online-services
real-estate,https://www.semrush.com/website/top/switzerland/real-estate
restaurants,https://www.semrush.com/website/top/switzerland/restaurants
science,https://www.semrush.com/website/top/switzerland/science
sports,https://www.semrush.com/website/top/switzerland/sports
telecom,https://www.semrush.com/website/top/switzerland/telecom
transportation-and-logistics,https://www.semrush.com/website/top/switzerland/transportation-and-logistics
travel-and-tourism,https://www.semrush.com/website/top/switzerland/travel-and-tourism
vehicles,https://www.semrush.com/website/top/switzerland/vehicles
wellness,https://www.semrush.com/website/top/switzerland/wellnessall,https://www.semrush.com/website/top/switzerland/all
accommodation-and-hotels,https://www.semrush.com/website/top/switzerland/accommodation-and-hotels
advertising-and-marketing,https://www.semrush.com/website/top/switzerland/advertising-and-marketing
airlines,https://www.semrush.com/website/top/switzerland/airlines
banking,https://www.semrush.com/website/top/switzerland/banking
beauty,https://www.semrush.com/website/top/switzerland/beauty
computer-software-and-development,https://www.semrush.com/website/top/switzerland/computer-software-and-development
distance-learning,https://www.semrush.com/website/top/switzerland/distance-learning
e-commerce-and-retail,https://www.semrush.com/website/top/switzerland/e-commerce-and-retail
education,https://www.semrush.com/website/top/switzerland/education
entertainment,https://www.semrush.com/website/top/switzerland/entertainment
fashion,https://www.semrush.com/website/top/switzerland/fashion
finance,https://www.semrush.com/website/top/switzerland/finance
food-and-beverages,https://www.semrush.com/website/top/switzerland/food-and-beverages
gambling,https://www.semrush.com/website/top/switzerland/gambling
games,https://www.semrush.com/website/top/switzerland/games
health,https://www.semrush.com/website/top/switzerland/health
information-technology,https://www.semrush.com/website/top/switzerland/information-technology
insurance,https://www.semrush.com/website/top/switzerland/insurance
investment,https://www.semrush.com/website/top/switzerland/investment
jobs,https://www.semrush.com/website/top/switzerland/jobs
market-research,https://www.semrush.com/website/top/switzerland/market-research
music,https://www.semrush.com/website/top/switzerland/music
news-and-media,https://www.semrush.com/website/top/switzerland/news-and-media
online-services,https://www.semrush.com/website/top/switzerland/online-services
real-estate,https://www.semrush.com/website/top/switzerland/real-estate
restaurants,https://www.semrush.com/website/top/switzerland/restaurants
science,https://www.semrush.com/website/top/switzerland/science
sports,https://www.semrush.com/website/top/switzerland/sports
telecom,https://www.semrush.com/website/top/switzerland/telecom
transportation-and-logistics,https://www.semrush.com/website/top/switzerland/transportation-and-logistics
travel-and-tourism,https://www.semrush.com/website/top/switzerland/travel-and-tourism
vehicles,https://www.semrush.com/website/top/switzerland/vehicles
wellness,https://www.semrush.com/website/top/switzerland/wellness