all,https://www.semrush.com/website/top/united-states/all
accommodation-and-hotels,https://www.semrush.com/website/top/united-states/accommodation-and-hotels
advertising-and-marketing,https://www.semrush.com/website/top/united-states/advertising-and-marketing
airlines,https://www.semrush.com/website/top/united-states/airlines
banking,https://www.semrush.com/website/top/united-states/banking
beauty,https://www.semrush.com/website/top/united-states/beauty
computer-software-and-development,https://www.semrush.com/website/top/united-states/computer-software-and-development
distance-learning,https://www.semrush.com/website/top/united-states/distance-learning
e-commerce-and-retail,https://www.semrush.com/website/top/united-states/e-commerce-and-retail
education,https://www.semrush.com/website/top/united-states/education
entertainment,https://www.semrush.com/website/top/united-states/entertainment
fashion,https://www.semrush.com/website/top/united-states/fashion
finance,https://www.semrush.com/website/top/united-states/finance
food-and-beverages,https://www.semrush.com/website/top/united-states/food-and-beverages
gambling,https://www.semrush.com/website/top/united-states/gambling
games,https://www.semrush.com/website/top/united-states/games
health,https://www.semrush.com/website/top/united-states/health
information-technology,https://www.semrush.com/website/top/united-states/information-technology
insurance,https://www.semrush.com/website/top/united-states/insurance
investment,https://www.semrush.com/website/top/united-states/investment
jobs,https://www.semrush.com/website/top/united-states/jobs
market-research,https://www.semrush.com/website/top/united-states/market-research
music,https://www.semrush.com/website/top/united-states/music
news-and-media,https://www.semrush.com/website/top/united-states/news-and-media
online-services,https://www.semrush.com/website/top/united-states/online-services
real-estate,https://www.semrush.com/website/top/united-states/real-estate
restaurants,https://www.semrush.com/website/top/united-states/restaurants
science,https://www.semrush.com/website/top/united-states/science
sports,https://www.semrush.com/website/top/united-states/sports
telecom,https://www.semrush.com/website/top/united-states/telecom
transportation-and-logistics,https://www.semrush.com/website/top/united-states/transportation-and-logistics
travel-and-tourism,https://www.semrush.com/website/top/united-states/travel-and-tourism
vehicles,https://www.semrush.com/website/top/united-states/vehicles
wellness,https://www.semrush.com/website/top/united-states/wellnessall,https://www.semrush.com/website/top/united-states/all
business,https://www.semrush.com/website/top/united-states/business
communities,https://www.semrush.com/website/top/united-states/communities
computer-technology-internet,https://www.semrush.com/website/top/united-states/computer-technology-internet
e-commerce-shopping,https://www.semrush.com/website/top/united-states/e-commerce-shopping
entertainment,https://www.semrush.com/website/top/united-states/entertainment
finance,https://www.semrush.com/website/top/united-states/finance
health,https://www.semrush.com/website/top/united-states/health
jobs-education,https://www.semrush.com/website/top/united-states/jobs-education
mobile,https://www.semrush.com/website/top/united-states/mobile
news-media,https://www.semrush.com/website/top/united-states/news-media
technology,https://www.semrush.com/website/top/united-states/technologyall,https://www.semrush.com/website/top/united-states/all
accommodation-and-hotels,https://www.semrush.com/website/top/united-states/accommodation-and-hotels
advertising-and-marketing,https://www.semrush.com/website/top/united-states/advertising-and-marketing
airlines,https://www.semrush.com/website/top/united-states/airlines
banking,https://www.semrush.com/website/top/united-states/banking
beauty,https://www.semrush.com/website/top/united-states/beauty
computer-software-and-development,https://www.semrush.com/website/top/united-states/computer-software-and-development
distance-learning,https://www.semrush.com/website/top/united-states/distance-learning
e-commerce-and-retail,https://www.semrush.com/website/top/united-states/e-commerce-and-retail
education,https://www.semrush.com/website/top/united-states/education
entertainment,https://www.semrush.com/website/top/united-states/entertainment
fashion,https://www.semrush.com/website/top/united-states/fashion
finance,https://www.semrush.com/website/top/united-states/finance
food-and-beverages,https://www.semrush.com/website/top/united-states/food-and-beverages
gambling,https://www.semrush.com/website/top/united-states/gambling
games,https://www.semrush.com/website/top/united-states/games
health,https://www.semrush.com/website/top/united-states/health
information-technology,https://www.semrush.com/website/top/united-states/information-technology
insurance,https://www.semrush.com/website/top/united-states/insurance
investment,https://www.semrush.com/website/top/united-states/investment
jobs,https://www.semrush.com/website/top/united-states/jobs
market-research,https://www.semrush.com/website/top/united-states/market-research
music,https://www.semrush.com/website/top/united-states/music
news-and-media,https://www.semrush.com/website/top/united-states/news-and-media
online-services,https://www.semrush.com/website/top/united-states/online-services
real-estate,https://www.semrush.com/website/top/united-states/real-estate
restaurants,https://www.semrush.com/website/top/united-states/restaurants
science,https://www.semrush.com/website/top/united-states/science
sports,https://www.semrush.com/website/top/united-states/sports
telecom,https://www.semrush.com/website/top/united-states/telecom
transportation-and-logistics,https://www.semrush.com/website/top/united-states/transportation-and-logistics
travel-and-tourism,https://www.semrush.com/website/top/united-states/travel-and-tourism
vehicles,https://www.semrush.com/website/top/united-states/vehicles
wellness,https://www.semrush.com/website/top/united-states/wellness