all,https://www.semrush.com/website/top/vietnam/all
accommodation-and-hotels,https://www.semrush.com/website/top/vietnam/accommodation-and-hotels
advertising-and-marketing,https://www.semrush.com/website/top/vietnam/advertising-and-marketing
airlines,https://www.semrush.com/website/top/vietnam/airlines
banking,https://www.semrush.com/website/top/vietnam/banking
beauty,https://www.semrush.com/website/top/vietnam/beauty
computer-software-and-development,https://www.semrush.com/website/top/vietnam/computer-software-and-development
distance-learning,https://www.semrush.com/website/top/vietnam/distance-learning
e-commerce-and-retail,https://www.semrush.com/website/top/vietnam/e-commerce-and-retail
education,https://www.semrush.com/website/top/vietnam/education
entertainment,https://www.semrush.com/website/top/vietnam/entertainment
fashion,https://www.semrush.com/website/top/vietnam/fashion
finance,https://www.semrush.com/website/top/vietnam/finance
food-and-beverages,https://www.semrush.com/website/top/vietnam/food-and-beverages
gambling,https://www.semrush.com/website/top/vietnam/gambling
games,https://www.semrush.com/website/top/vietnam/games
health,https://www.semrush.com/website/top/vietnam/health
information-technology,https://www.semrush.com/website/top/vietnam/information-technology
insurance,https://www.semrush.com/website/top/vietnam/insurance
investment,https://www.semrush.com/website/top/vietnam/investment
jobs,https://www.semrush.com/website/top/vietnam/jobs
market-research,https://www.semrush.com/website/top/vietnam/market-research
music,https://www.semrush.com/website/top/vietnam/music
news-and-media,https://www.semrush.com/website/top/vietnam/news-and-media
online-services,https://www.semrush.com/website/top/vietnam/online-services
real-estate,https://www.semrush.com/website/top/vietnam/real-estate
restaurants,https://www.semrush.com/website/top/vietnam/restaurants
science,https://www.semrush.com/website/top/vietnam/science
sports,https://www.semrush.com/website/top/vietnam/sports
telecom,https://www.semrush.com/website/top/vietnam/telecom
transportation-and-logistics,https://www.semrush.com/website/top/vietnam/transportation-and-logistics
travel-and-tourism,https://www.semrush.com/website/top/vietnam/travel-and-tourism
vehicles,https://www.semrush.com/website/top/vietnam/vehicles
wellness,https://www.semrush.com/website/top/vietnam/wellnessall,https://www.semrush.com/website/top/vietnam/all
accommodation-and-hotels,https://www.semrush.com/website/top/vietnam/accommodation-and-hotels
advertising-and-marketing,https://www.semrush.com/website/top/vietnam/advertising-and-marketing
airlines,https://www.semrush.com/website/top/vietnam/airlines
banking,https://www.semrush.com/website/top/vietnam/banking
beauty,https://www.semrush.com/website/top/vietnam/beauty
computer-software-and-development,https://www.semrush.com/website/top/vietnam/computer-software-and-development
distance-learning,https://www.semrush.com/website/top/vietnam/distance-learning
e-commerce-and-retail,https://www.semrush.com/website/top/vietnam/e-commerce-and-retail
education,https://www.semrush.com/website/top/vietnam/education
entertainment,https://www.semrush.com/website/top/vietnam/entertainment
fashion,https://www.semrush.com/website/top/vietnam/fashion
finance,https://www.semrush.com/website/top/vietnam/finance
food-and-beverages,https://www.semrush.com/website/top/vietnam/food-and-beverages
gambling,https://www.semrush.com/website/top/vietnam/gambling
games,https://www.semrush.com/website/top/vietnam/games
health,https://www.semrush.com/website/top/vietnam/health
information-technology,https://www.semrush.com/website/top/vietnam/information-technology
insurance,https://www.semrush.com/website/top/vietnam/insurance
investment,https://www.semrush.com/website/top/vietnam/investment
jobs,https://www.semrush.com/website/top/vietnam/jobs
market-research,https://www.semrush.com/website/top/vietnam/market-research
music,https://www.semrush.com/website/top/vietnam/music
news-and-media,https://www.semrush.com/website/top/vietnam/news-and-media
online-services,https://www.semrush.com/website/top/vietnam/online-services
real-estate,https://www.semrush.com/website/top/vietnam/real-estate
restaurants,https://www.semrush.com/website/top/vietnam/restaurants
science,https://www.semrush.com/website/top/vietnam/science
sports,https://www.semrush.com/website/top/vietnam/sports
telecom,https://www.semrush.com/website/top/vietnam/telecom
transportation-and-logistics,https://www.semrush.com/website/top/vietnam/transportation-and-logistics
travel-and-tourism,https://www.semrush.com/website/top/vietnam/travel-and-tourism
vehicles,https://www.semrush.com/website/top/vietnam/vehicles
wellness,https://www.semrush.com/website/top/vietnam/wellness